target_language,video_name
Немецкий,0.mp4
Английский,1.mp4
Французский,2.mp4
Итальянский,3.mp4
Испанский,4.mp4
Английский,5.mp4
Японский,6.mp4
Английский,7.mp4
Итальянский,8.mp4
Китайский,9.mp4
Английский,10.mp4
Французский,11.mp4
Английский,12.mp4
Английский,13.mp4
Немецкий,14.mp4
Французский,15.mp4
Китайский,16.mp4
Английский,17.mp4
Английский,18.mp4
Японский,19.mp4
Немецкий,20.mp4
Английский,21.mp4
Французский,22.mp4
Итальянский,23.mp4
Испанский,24.mp4
Английский,25.mp4
Японский,26.mp4
Английский,27.mp4
Итальянский,28.mp4
Китайский,29.mp4
Английский,30.mp4
Итальянский,31.mp4
Испанский,32.mp4
Немецкий,33.mp4
Японский,34.mp4
Португальский,35.mp4
Японский,36.mp4
Китайский,37.mp4
Чешский,38.mp4
Датский,39.mp4
Польский,40.mp4
Турецкий,41.mp4
Английский,42.mp4
Английский,43.mp4
Английский,44.mp4
Английский,45.mp4
Французский,46.mp4
Итальянский,47.mp4
Английский,48.mp4
Японский,49.mp4
Английский,50.mp4
Итальянский,51.mp4
Китайский,52.mp4
Японский,53.mp4
Португальский,54.mp4
Японский,55.mp4
Китайский,56.mp4
Чешский,57.mp4
Датский,58.mp4
Польский,59.mp4
Турецкий,60.mp4
Английский,61.mp4
Английский,62.mp4
Английский,63.mp4
Английский,64.mp4
Немецкий,65.mp4
Английский,66.mp4
Французский,67.mp4
Итальянский,68.mp4
Испанский,69.mp4
Английский,70.mp4
Японский,71.mp4
Английский,72.mp4
Итальянский,73.mp4
Китайский,74.mp4
Английский,75.mp4
Французский,76.mp4
Английский,77.mp4
Английский,78.mp4
Немецкий,79.mp4
Французский,80.mp4
Китайский,81.mp4
Английский,82.mp4
Английский,83.mp4
Немецкий,84.mp4
Немецкий,85.mp4
Английский,86.mp4
Французский,87.mp4
Итальянский,88.mp4
Испанский,89.mp4
Английский,90.mp4
Японский,91.mp4
Английский,92.mp4
Итальянский,93.mp4
Китайский,94.mp4
Английский,95.mp4
Французский,96.mp4
Английский,97.mp4
Немецкий,98.mp4
Французский,99.mp4
